{	
	"TR":{
		"Con_1":{
			"a"     : 0.01565,
			"b"     : 2.2478602,
			"c"     : -0.008148		
			},
		"Cons_2":{
			"a"     : 0.00962,
			"b"     : 2.5618677,
			"c"     : -0.004615	
			}		
		},
	"CB_SF6":{
			"Con_1":{
				"a"     : 0.00223,
				"b"     : 3.3214624,
				"c"     : -0.001728395		
				}			
			},
	"AUX":{
			"Con_1":{
				"a"     : 0.00223,
				"b"     : 3.3214624,
				"c"     : -0.001728395		
				}			
			},
    "LN":{
			"Con_1":{
				"a"     : 0.01976,
				"b"     : 3.429,
				"c"     : -0.009756		
				}
	  },
    "CB":{
			"Con_1":{
				"a"     : 0.00223,
				"b"     : 3.3214624,
				"c"     : -0.001728395	
				}
	  },
    "GEN":{
			"Con_1":{
				"a"     : 0.01976,
				"b"     : 3.429,
				"c"     : -0.009756		
				}
	  },
    "BAT":{
			"Con_1":{
				"a"     : 0.01976,
				"b"     : 3.429,
				"c"     : -0.009756		
				}
	  },	  	  	  			
    "Ambiental":{
			"Con_1":{
				"a"     : 0.01976,
				"b"     : 3.429,
				"c"     : -0.009756		
				}
		},
    "Bahia":{
			"Con_1":{
				"a"     : 0.01976,
				"b"     : 3.429,
				"c"     : -0.009756		
				}
		},
    "Baterias":{
			"Con_1":{
				"a"     : 0.01976,
				"b"     : 3.429,
				"c"     : -0.009756		
				}
	      },
    "Captación":{
			"Con_1":{
				"a"     : 0.01976,
				"b"     : 3.429,
				"c"     : -0.009756		
				}
		},
    "Contadores":{
			"Con_1":{
				"a"     : 0.01976,
				"b"     : 3.429,
				"c"     : -0.009756		
				}
		},
    "Civiles":{
			"Con_1":{
				"a"     : 0.01976,
				"b"     : 3.429,
				"c"     : -0.009756		
				}
               },				
    "Eléctricos":{
			"Con_1":{
				"a"     : 0.01976,
				"b"     : 3.429,
				"c"     : -0.009756		
				}
		},
    "Generador":{
			"Con_1":{
				"a"     : 0.01976,
				"b"     : 3.429,
				"c"     : -0.009756		
				}
		},
    "Incendio":{
			"Con_1":{
				"a"     : 0.01976,
				"b"     : 3.429,
				"c"     : -0.009756		
				}
		},
    "Instrumentación":{
			"Con_1":{
				"a"     : 0.01976,
				"b"     : 3.429,
				"c"     : -0.009756		
				}
		},
    "Overhaul":{
			"Con_1":{
				"a"     : 0.01976,
				"b"     : 3.429,
				"c"     : -0.009756		
				}
		},
    "Por definir":{
			"Con_1":{
				"a"     : 0.01976,
				"b"     : 3.429,
				"c"     : -0.009756		
				}
		},
    "Protecciones":{
			"Con_1":{
				"a"     : 0.01976,
				"b"     : 3.429,
				"c"     : -0.009756		
				}
		},
    "Reguladores":{
			"Con_1":{
				"a"     : 0.01976,
				"b"     : 3.429,
				"c"     : -0.009756		
				}
		},
    "Refrigeración":{
			"Con_1":{
				"a"     : 0.01976,
				"b"     : 3.429,
				"c"     : -0.009756		
				}																																																												
	},
    "Scada":{
			"Con_1":{
				"a"     : 0.01976,
				"b"     : 3.429,
				"c"     : -0.009756		
				}																																																												
	},	
    "Seguridad":{
			"Con_1":{
				"a"     : 0.01976,
				"b"     : 3.429,
				"c"     : -0.009756		
				}																																																												
	},	
    "Sedimentación":{
			"Con_1":{
				"a"     : 0.01976,
				"b"     : 3.429,
				"c"     : -0.009756		
				}																																																												
	},	
    "Túneles":{
			"Con_1":{
				"a"     : 0.01976,
				"b"     : 3.429,
				"c"     : -0.009756		
				}																																																												
	},	
    "Turbina y rodete":{
			"Con_1":{
				"a"     : 0.01976,
				"b"     : 3.429,
				"c"     : -0.009756		
				}																																																												
	}					
}
